DataSetName,DataPointSize,AreaLength,SchemeName,PostProcessTime,GridUnitSize,DataTypeSize,SizeD,SizeB,PrivacyBudget,ContributionK,WassersteinDistance1,WassersteinDistance2,KLDivergence
NYC,446110,0.32,disk,10252,0.021333333333333333,225,15,1,3.5,0.25,0.0,0.06765396534042871,0.0
NYC,446110,0.32,disk,11442,0.021333333333333333,225,15,2,3.5,0.25,0.0,0.07432708174681572,0.0
NYC,446110,0.32,disk,20356,0.021333333333333333,225,15,3,3.5,0.25,0.0,0.0853640988485203,0.0
NYC,446110,0.32,disk,33090,0.021333333333333333,225,15,4,3.5,0.25,0.0,0.09597186044108888,0.0
NYC,446110,0.32,disk,38078,0.021333333333333333,225,15,5,3.5,0.25,0.0,0.1067880169903955,0.0
