DataSetName,DataPointSize,AreaLength,SchemeName,PostProcessTime,GridUnitSize,DataTypeSize,SizeD,SizeB,PrivacyBudget,ContributionK,WassersteinDistance1,WassersteinDistance2,KLDivergence
TwoDimMultiCenterNormal,266110,10.76,disk,24289,0.7173333333333333,225,15,1,3.5,0.25,0.0,1.0718818028668915,0.0
TwoDimMultiCenterNormal,266110,10.76,disk,31080,0.7173333333333333,225,15,2,3.5,0.25,0.0,0.8732818652958374,0.0
TwoDimMultiCenterNormal,266110,10.76,disk,30224,0.7173333333333333,225,15,3,3.5,0.25,0.0,0.888156635173716,0.0
TwoDimMultiCenterNormal,266110,10.76,disk,26613,0.7173333333333333,225,15,4,3.5,0.25,0.0,0.9559370382815755,0.0
TwoDimMultiCenterNormal,266110,10.76,disk,36196,0.7173333333333333,225,15,5,3.5,0.25,0.0,1.0212561768462773,0.0
