DataSetName,DataPointSize,AreaLength,SchemeName,PostProcessTime,GridUnitSize,DataTypeSize,SizeD,SizeB,PrivacyBudget,ContributionK,WassersteinDistance1,WassersteinDistance2,KLDivergence
NYC,446110,0.32,disk,16226,0.021333333333333333,225,15,1,3.5,0.25,0.0,0.06766763208578526,0.0
NYC,446110,0.32,disk,12497,0.021333333333333333,225,15,2,3.5,0.25,0.0,0.07464139644294286,0.0
NYC,446110,0.32,disk,24542,0.021333333333333333,225,15,3,3.5,0.25,0.0,0.08482962850441408,0.0
NYC,446110,0.32,disk,47589,0.021333333333333333,225,15,4,3.5,0.25,0.0,0.09556643490900171,0.0
NYC,446110,0.32,disk,39210,0.021333333333333333,225,15,5,3.5,0.25,0.0,0.10745468619534936,0.0
