DataSetName,DataPointSize,AreaLength,SchemeName,PostProcessTime,GridUnitSize,DataTypeSize,SizeD,SizeB,PrivacyBudget,ContributionK,WassersteinDistance1,WassersteinDistance2,KLDivergence
TwoDimMultiCenterNormal,266110,10.76,disk,27691,0.7173333333333333,225,15,1,3.5,0.25,0.0,1.0751069320017868,0.0
TwoDimMultiCenterNormal,266110,10.76,disk,28961,0.7173333333333333,225,15,2,3.5,0.25,0.0,0.8854150689569978,0.0
TwoDimMultiCenterNormal,266110,10.76,disk,31686,0.7173333333333333,225,15,3,3.5,0.25,0.0,0.891702692089268,0.0
TwoDimMultiCenterNormal,266110,10.76,disk,29299,0.7173333333333333,225,15,4,3.5,0.25,0.0,0.9525403155380011,0.0
TwoDimMultiCenterNormal,266110,10.76,disk,37670,0.7173333333333333,225,15,5,3.5,0.25,0.0,1.035905715426975,0.0
