DataSetName,DataPointSize,AreaLength,SchemeName,PostProcessTime,GridUnitSize,DataTypeSize,SizeD,SizeB,PrivacyBudget,ContributionK,WassersteinDistance1,WassersteinDistance2,KLDivergence
NYC,446110,0.32,disk,27,0.32,1,1,0,3.5,0.0,0.0,NaN,NaN
NYC,446110,0.32,disk,54,0.16,4,2,0,3.5,0.0,0.0,0.5000097411235119,NaN
NYC,446110,0.32,disk,62,0.10666666666666667,9,3,0,3.5,0.0,0.0,0.33335612248208124,NaN
NYC,446110,0.32,disk,63,0.08,16,4,0,3.5,0.0,0.0,0.25002950482707376,NaN
NYC,446110,0.32,disk,166,0.064,25,5,1,3.5,0.0,0.0,0.25777220256758043,NaN
NYC,446110,0.32,mdsw,50,0.32,1,1,0,3.5,-1,0.0,1.0,0.0
NYC,446110,0.32,mdsw,89,0.16,4,2,0,3.5,-1,0.0,0.5025979970323257,0.0
NYC,446110,0.32,mdsw,93,0.10666666666666667,9,3,0,3.5,-1,0.0,0.34636797851061085,0.0
NYC,446110,0.32,mdsw,99,0.08,16,4,0,3.5,-1,0.0,0.26247952277360376,0.0
NYC,446110,0.32,mdsw,97,0.064,25,5,0,3.5,-1,0.0,0.21705320643937365,0.0
NYC,446110,0.32,hue,27,0.32,1,1,0,3.5,0.0,0.0,NaN,NaN
NYC,446110,0.32,hue,54,0.16,4,2,0,3.5,0.0,0.0,0.5000097411235119,NaN
NYC,446110,0.32,hue,62,0.10666666666666667,9,3,0,3.5,0.0,0.0,0.33335612248208124,NaN
NYC,446110,0.32,hue,63,0.08,16,4,0,3.5,0.0,0.0,0.25002950482707376,NaN
NYC,446110,0.32,hue,446,0.064,25,5,1,3.5,0.0,0.0,0.25324824277032226,0.0
NYC,446110,0.32,diskNonShrink,26,0.32,1,1,0,3.5,0.0,0.0,NaN,0.0
NYC,446110,0.32,diskNonShrink,54,0.16,4,2,0,3.5,0.0,0.0,0.5000378666904743,0.0
NYC,446110,0.32,diskNonShrink,62,0.10666666666666667,9,3,0,3.5,0.0,0.0,0.3333595030576181,0.0
NYC,446110,0.32,diskNonShrink,62,0.08,16,4,0,3.5,0.0,0.0,0.25002222515316336,0.0
NYC,446110,0.32,diskNonShrink,176,0.064,25,5,1,3.5,0.0,0.0,0.25773178778384337,0.0
NYC,446110,0.32,subsetGeoITwoNorm,0,0.32,1,1,-1,5.15,-1,0.0,1.0,0.0
NYC,446110,0.32,subsetGeoITwoNorm,4,0.16,4,2,-1,3.1316079610346197,-1,0.0,NaN,0.0
NYC,446110,0.32,subsetGeoITwoNorm,4,0.10666666666666667,9,3,-1,2.5410487018532804,-1,0.0,NaN,0.0
NYC,446110,0.32,subsetGeoITwoNorm,4,0.08,16,4,-1,1.867732929634903,-1,0.0,NaN,0.0
NYC,446110,0.32,subsetGeoITwoNorm,5,0.064,25,5,-1,1.5281289999079308,-1,0.0,NaN,0.0
