DataSetName,DataPointSize,AreaLength,SchemeName,PostProcessTime,GridUnitSize,DataTypeSize,SizeD,SizeB,PrivacyBudget,ContributionK,WassersteinDistance1,WassersteinDistance2,KLDivergence
NYC,446110,0.32,disk,13390,0.021333333333333333,225,15,1,3.5,0.25,0.0,0.06778622926198144,0.0
NYC,446110,0.32,disk,14229,0.021333333333333333,225,15,2,3.5,0.25,0.0,0.07442057366870039,0.0
NYC,446110,0.32,disk,21811,0.021333333333333333,225,15,3,3.5,0.25,0.0,0.08534405263156662,0.0
NYC,446110,0.32,disk,34072,0.021333333333333333,225,15,4,3.5,0.25,0.0,0.09668403745567852,0.0
NYC,446110,0.32,disk,36324,0.021333333333333333,225,15,5,3.5,0.25,0.0,0.10764558539674574,0.0
