DataSetName,DataPointSize,AreaLength,SchemeName,PostProcessTime,GridUnitSize,DataTypeSize,SizeD,SizeB,PrivacyBudget,ContributionK,WassersteinDistance1,WassersteinDistance2,KLDivergence
TwoDimNormal,231114,9.45,disk,1081,1.89,25,5,1,3.5,0.0,0.0,0.13473998410432272,0.0
TwoDimNormal,231114,9.45,disk,71,1.89,25,5,1,3.5,0.25,0.0,0.9915691967138487,0.0
TwoDimNormal,231114,9.45,disk,69,1.89,25,5,1,3.5,0.5,0.0,1.0811787120631955,0.0
TwoDimNormal,231114,9.45,disk,69,1.89,25,5,1,3.5,0.75,0.0,1.1195978111689293,0.0
TwoDimNormal,231114,9.45,disk,68,1.89,25,5,1,3.5,1.0,0.0,1.1423296350271661,0.0
TwoDimNormal,231114,9.45,hue,698,1.89,25,5,1,3.5,0.0,0.0,0.24039277743215018,0.0
TwoDimNormal,231114,9.45,hue,68,1.89,25,5,1,3.5,0.25,0.0,1.5009114529162029,0.0
TwoDimNormal,231114,9.45,hue,57,1.89,25,5,1,3.5,0.5,0.0,1.5260394918742026,0.0
TwoDimNormal,231114,9.45,hue,63,1.89,25,5,1,3.5,0.75,0.0,1.5359019517805828,0.0
TwoDimNormal,231114,9.45,hue,61,1.89,25,5,1,3.5,1.0,0.0,1.5411730938984893,0.0
