DataSetName,DataPointSize,AreaLength,SchemeName,PostProcessTime,GridUnitSize,DataTypeSize,SizeD,SizeB,PrivacyBudget,ContributionK,WassersteinDistance1,WassersteinDistance2,KLDivergence
TwoDimZipf,100000,1.0,disk,14262,0.06666666666666667,225,15,1,3.5,0.25,0.0,0.38649512201291,0.0
TwoDimZipf,100000,1.0,disk,11685,0.06666666666666667,225,15,2,3.5,0.25,0.0,0.2557592135491238,0.0
TwoDimZipf,100000,1.0,disk,19404,0.06666666666666667,225,15,3,3.5,0.25,0.0,0.22913765994497176,0.0
TwoDimZipf,100000,1.0,disk,30433,0.06666666666666667,225,15,4,3.5,0.25,0.0,0.2521347642378629,0.0
TwoDimZipf,100000,1.0,disk,41684,0.06666666666666667,225,15,5,3.5,0.25,0.0,0.28558715894334463,0.0
