DataSetName,DataPointSize,AreaLength,SchemeName,PostProcessTime,GridUnitSize,DataTypeSize,SizeD,SizeB,PrivacyBudget,ContributionK,WassersteinDistance1,WassersteinDistance2,KLDivergence
TwoDimMultiCenterNormal,266110,10.76,disk,25173,0.7173333333333333,225,15,1,3.5,0.25,0.0,1.0791532949113722,0.0
TwoDimMultiCenterNormal,266110,10.76,disk,27156,0.7173333333333333,225,15,2,3.5,0.25,0.0,0.8714033006523298,0.0
TwoDimMultiCenterNormal,266110,10.76,disk,30516,0.7173333333333333,225,15,3,3.5,0.25,0.0,0.8831230262756483,0.0
TwoDimMultiCenterNormal,266110,10.76,disk,30443,0.7173333333333333,225,15,4,3.5,0.25,0.0,0.9590433709755772,0.0
TwoDimMultiCenterNormal,266110,10.76,disk,37825,0.7173333333333333,225,15,5,3.5,0.25,0.0,1.024841531927979,0.0
