DataSetName,DataPointSize,AreaLength,SchemeName,PostProcessTime,GridUnitSize,DataTypeSize,SizeD,SizeB,PrivacyBudget,ContributionK,WassersteinDistance1,WassersteinDistance2,KLDivergence
TwoDimZipf,100000,1.0,disk,14092,0.06666666666666667,225,15,1,3.5,0.25,0.0,0.24873711783046262,0.0
TwoDimZipf,100000,1.0,disk,12168,0.06666666666666667,225,15,2,3.5,0.25,0.0,0.27712431973553164,0.0
TwoDimZipf,100000,1.0,disk,17110,0.06666666666666667,225,15,3,3.5,0.25,0.0,0.25487522018197584,0.0
TwoDimZipf,100000,1.0,disk,32424,0.06666666666666667,225,15,4,3.5,0.25,0.0,0.26508590320058517,0.0
TwoDimZipf,100000,1.0,disk,47711,0.06666666666666667,225,15,5,3.5,0.25,0.0,0.25460183954076915,0.0
