DataSetName,DataPointSize,AreaLength,SchemeName,PostProcessTime,GridUnitSize,DataTypeSize,SizeD,SizeB,PrivacyBudget,ContributionK,WassersteinDistance1,WassersteinDistance2,KLDivergence
TwoDimNormal,231114,9.45,disk,24,9.45,1,1,0,3.5,0.0,0.0,0.0,0.0
TwoDimNormal,231114,9.45,disk,32,4.725,4,2,0,3.5,0.0,0.0,0.11326329381200836,2.7675180565420914E-6
TwoDimNormal,231114,9.45,disk,46,3.15,9,3,0,3.5,0.0,0.0,0.06396138594555653,2.724656067699797E-4
TwoDimNormal,231114,9.45,disk,119,2.3625,16,4,0,3.5,0.0,0.0,0.1261723536926627,0.001980558344983073
TwoDimNormal,231114,9.45,disk,321,1.89,25,5,1,3.5,0.0,0.0,0.1378080973002452,0.002620329711222323
TwoDimNormal,231114,9.45,mdsw,24,9.45,1,1,0,3.5,-1,0.0,0.0,0.0
TwoDimNormal,231114,9.45,mdsw,27,4.725,4,2,0,3.5,-1,0.0,0.3354660611999629,0.0
TwoDimNormal,231114,9.45,mdsw,25,3.15,9,3,0,3.5,-1,0.0,1.003826151734732,0.0
TwoDimNormal,231114,9.45,mdsw,27,2.3625,16,4,0,3.5,-1,0.0,0.8253194798248049,0.0
TwoDimNormal,231114,9.45,mdsw,26,1.89,25,5,0,3.5,-1,0.0,0.9492311461855073,0.0
TwoDimNormal,231114,9.45,hue,24,9.45,1,1,0,3.5,0.0,0.0,0.0,0.0
TwoDimNormal,231114,9.45,hue,32,4.725,4,2,0,3.5,0.0,0.0,0.11326329381200836,2.7675180565420914E-6
TwoDimNormal,231114,9.45,hue,46,3.15,9,3,0,3.5,0.0,0.0,0.06396138594555653,2.724656067699797E-4
TwoDimNormal,231114,9.45,hue,119,2.3625,16,4,0,3.5,0.0,0.0,0.1261723536926627,0.001980558344983073
TwoDimNormal,231114,9.45,hue,1019,1.89,25,5,1,3.5,0.0,0.0,0.24072117707911062,0.0
TwoDimNormal,231114,9.45,diskNonShrink,24,9.45,1,1,0,3.5,0.0,0.0,0.0,0.0
TwoDimNormal,231114,9.45,diskNonShrink,32,4.725,4,2,0,3.5,0.0,0.0,0.11299243263279724,0.0
TwoDimNormal,231114,9.45,diskNonShrink,44,3.15,9,3,0,3.5,0.0,0.0,0.06897387490792581,0.0
TwoDimNormal,231114,9.45,diskNonShrink,92,2.3625,16,4,0,3.5,0.0,0.0,0.12737185955666158,0.0
TwoDimNormal,231114,9.45,diskNonShrink,755,1.89,25,5,1,3.5,0.0,0.0,0.14483105258126522,0.0
TwoDimNormal,231114,9.45,subsetGeoITwoNorm,0,9.45,1,1,-1,5.15,-1,0.0,0.0,0.0
TwoDimNormal,231114,9.45,subsetGeoITwoNorm,90,4.725,4,2,-1,3.1316079610346197,-1,0.0,0.11294291109358585,0.0
TwoDimNormal,231114,9.45,subsetGeoITwoNorm,88,3.15,9,3,-1,2.5410487018532804,-1,0.0,0.06979683096026058,0.0
TwoDimNormal,231114,9.45,subsetGeoITwoNorm,81,2.3625,16,4,-1,1.867732929634903,-1,0.0,0.13481273505329042,0.0
TwoDimNormal,231114,9.45,subsetGeoITwoNorm,79,1.89,25,5,-1,1.5281289999079308,-1,0.0,0.17092062099241123,0.0
