DataSetName,DataPointSize,AreaLength,SchemeName,PostProcessTime,GridUnitSize,DataTypeSize,SizeD,SizeB,PrivacyBudget,ContributionK,WassersteinDistance1,WassersteinDistance2,KLDivergence
TwoDimZipf,100000,1.0,disk,14256,0.06666666666666667,225,15,1,3.5,0.25,0.0,0.33500353359449114,0.0
TwoDimZipf,100000,1.0,disk,12376,0.06666666666666667,225,15,2,3.5,0.25,0.0,0.2543151914821944,0.0
TwoDimZipf,100000,1.0,disk,19273,0.06666666666666667,225,15,3,3.5,0.25,0.0,0.24934695762438236,0.0
TwoDimZipf,100000,1.0,disk,25612,0.06666666666666667,225,15,4,3.5,0.25,0.0,0.29167882647414967,0.0
TwoDimZipf,100000,1.0,disk,45098,0.06666666666666667,225,15,5,3.5,0.25,0.0,0.2803208561557139,0.0
